section,name
"3D Modeling Experts", "Eastside Co" 
"3D Modeling Experts", "Sayduck" 
"3D Modeling Experts", "CGTrader" 
"3D Modeling Experts", "Sketchfab" 
"Setup Experts", "Minion Made" 
"Setup Experts", "Arctic Grey, Ltd." 
"Setup Experts", "Ben Zettler" 
"Setup Experts", "Blackbelt Commerce" 
"Setup Experts", "Cronk Studios" 
"Setup Experts", "Patane Creative" 
"Setup Experts", "Gowebbaby" 
"Setup Experts", "ClueBuzzTechnologies" 
"Setup Experts", "simplistic" 
"Setup Experts", "Parkfield. Commerce" 
"Setup Experts", "BlueSwitch" 
"Setup Experts", "Wolfpoint Agency" 
"Designers", "Minion Made" 
"Designers", "Arctic Grey, Ltd." 
"Designers", "Patane Creative" 
"Designers", "Gowebbaby" 
"Designers", "simplistic" 
"Designers", "Parkfield. Commerce" 
"Designers", "BlueSwitch" 
"Designers", "Barrel" 
"Designers", "Wolfpoint Agency" 
"Designers", "Black & Black" 
"Designers", "Fishbucket, Inc." 
"Designers", "Lemonade Creative" 
"Developers", "Minion Made" 
"Developers", "Blackbelt Commerce" 
"Developers", "Gowebbaby" 
"Developers", "simplistic" 
"Developers", "BlueSwitch" 
"Developers", "ShopStorm" 
"Developers", "Barrel" 
"Developers", "Wolfpoint Agency" 
"Developers", "Black & Black" 
"Developers", "Fishbucket, Inc." 
"Developers", "Lemonade Creative" 
"Developers", "Roswell Studios" 
"Marketers", "Minion Made" 
"Marketers", "Arctic Grey, Ltd." 
"Marketers", "Patane Creative" 
"Marketers", "Gowebbaby" 
"Marketers", "BlueSwitch" 
"Marketers", "Wolfpoint Agency" 
"Marketers", "Black & Black" 
"Marketers", "Roswell Studios" 
"Marketers", "Pop Commerce" 
"Marketers", "HUEMOR" 
"Marketers", "Mark Perini - Web Design | Marketing | Social Media Consulting" 
"Marketers", "Expert Village Media Technologies" 
"Photographers", "Arctic Grey, Ltd." 
"Photographers", "Patane Creative" 
"Photographers", "Wolfpoint Agency" 
"Photographers", "Black & Black" 
"Photographers", "Expert Village Media Technologies" 
"Photographers", "Sweden Unlimited" 
"Photographers", "SAKsites" 
"Photographers", "Lenflash" 
"Photographers", "Steven Chu Studio" 
"Photographers", "Teddy Telles Photography" 
"Photographers", "Squareshot" 
"Photographers", "Asymmetry Agency" 
